email,status
iris.collins@example.com,inactive
noah.stewart@example.com,inactive
queen.young@example.com,inactive
zoe.jackson@example.com,active
steve.collins@example.com,inactive
noah.johnson@example.com,active
mia.nelson@example.com,inactive
aneesh.brown@example.com,inactive
henry.edwards@example.com,inactive
charlie.robinson@example.com,inactive
fiona.baker@example.com,active
abin.taylor@example.com,active
olivia.hall@example.com,inactive
iris.carter@example.com,inactive
bob.harris@example.com,active
leo.johnson@example.com,active
steve.thompson@example.com,active
bianca.thomas@example.com,inactive
opal.johnson@example.com,active
hazel.nelson@example.com,inactive
noah.adams@example.com,active
zack.nelson@example.com,active
prvairaj.johnson@example.com,active
mia.sanchez@example.com,inactive
aaron.harris@example.com,active
leo.rodriguez@example.com,active
diana.nguyen@example.com,active
queen.smith@example.com,active
abin.lewis@example.com,inactive
trent.rogers@example.com,inactive
paul.lee@example.com,active
violet.evans@example.com,active
ursula.phillips@example.com,active
elijah.white@example.com,active
grace.anderson@example.com,inactive
elijah.robinson@example.com,active
violet.nelson@example.com,inactive
sophie.evans@example.com,inactive
grace.scott@example.com,active
noah.rodriguez@example.com,inactive
grace.harris@example.com,inactive
paul.cook@example.com,inactive
fiona.torres@example.com,active
diana.white@example.com,active
jack.clark@example.com,inactive
quinn.torres@example.com,active
frank.garcia@example.com,active
bianca.nelson@example.com,inactive
frank.morgan@example.com,inactive
isabel.king@example.com,active
elijah.carter@example.com,inactive
jack.martinez@example.com,active
jason.johnson@example.com,inactive
victor.baker@example.com,active
paul.morris@example.com,active
paul.campbell@example.com,active
prvairaj.reed@example.com,active
jithesh.wright@example.com,inactive
fiona.thompson@example.com,active
wendy.sanchez@example.com,inactive
nathan.rogers@example.com,active
alice.clark@example.com,inactive
jithesh.taylor@example.com,inactive
peter.king@example.com,inactive
peter.morgan@example.com,inactive
liam.thompson@example.com,active
victor.white@example.com,inactive
leo.garcia@example.com,inactive
karen.green@example.com,inactive
fiona.anderson@example.com,active
jithesh.turner@example.com,active
victor.martin@example.com,inactive
quinn.smith@example.com,inactive
peter.martinez@example.com,inactive
bob.johnson@example.com,active
prvairaj.thomas@example.com,active
grace.young@example.com,active
elijah.campbell@example.com,active
henry.taylor@example.com,inactive
elijah.rodriguez@example.com,active
jason.nguyen@example.com,inactive
wendy.baker@example.com,active
victor.adams@example.com,inactive
henry.reed@example.com,inactive
peter.clark@example.com,inactive
bob.turner@example.com,active
uma.edwards@example.com,inactive
aaron.johnson@example.com,inactive
yara.martinez@example.com,inactive
ryder.carter@example.com,active
grace.hill@example.com,active
paul.johnson@example.com,active
isabel.parker@example.com,inactive
rachel.allen@example.com,inactive
nathan.martinez@example.com,inactive
jack.martin@example.com,inactive
mia.taylor@example.com,inactive
paul.hill@example.com,inactive
eve.harris@example.com,inactive
paul.nelson@example.com,active
yara.roberts@example.com,active
caleb.wright@example.com,active
violet.scott@example.com,inactive
violet.green@example.com,inactive
jack.smith@example.com,active
xander.lee@example.com,active
zoe.taylor@example.com,inactive
yara.lee@example.com,inactive
violet.jackson@example.com,active
hazel.brown@example.com,inactive
bob.anderson@example.com,active
wendy.nelson@example.com,inactive
zack.edwards@example.com,inactive
jithesh.white@example.com,inactive
peter.collins@example.com,active
ursula.young@example.com,active
aaron.hall@example.com,active
zack.white@example.com,active
peter.smith@example.com,active
zoe.morris@example.com,inactive
zack.thomas@example.com,active
diana.morgan@example.com,inactive
aaron.wright@example.com,inactive
queen.nguyen@example.com,active
jithesh.edwards@example.com,active
abin.allen@example.com,inactive
opal.martinez@example.com,inactive
jack.wright@example.com,active
liam.nguyen@example.com,active
delia.rodriguez@example.com,inactive
isabel.roberts@example.com,inactive
zoe.harris@example.com,active
henry.evans@example.com,inactive
wendy.jackson@example.com,active
fiona.adams@example.com,active
tina.sanchez@example.com,inactive
ursula.adams@example.com,active
aaron.reed@example.com,active
jithesh.cook@example.com,active
aaron.mitchell@example.com,inactive
alice.martinez@example.com,inactive
queen.brown@example.com,inactive
megan.nguyen@example.com,inactive
trent.scott@example.com,active
paul.adams@example.com,active
olivia.smith@example.com,active
liam.reed@example.com,active
grace.taylor@example.com,active
megan.harris@example.com,inactive
sophie.rogers@example.com,active
kylie.roberts@example.com,active
ryder.hall@example.com,inactive
isabel.brown@example.com,active
nathan.evans@example.com,active
zoe.evans@example.com,active
fiona.cook@example.com,inactive
rachel.edwards@example.com,inactive
sophie.brown@example.com,inactive
megan.roberts@example.com,inactive
violet.perez@example.com,active
caleb.phillips@example.com,active
jithesh.collins@example.com,active
grace.turner@example.com,active
iris.stewart@example.com,inactive
diana.nelson@example.com,active
leo.edwards@example.com,active
gavin.campbell@example.com,active
aaron.walker@example.com,active
quinn.thompson@example.com,inactive
delia.evans@example.com,active
prvairaj.jackson@example.com,active
opal.jackson@example.com,active
kylie.hall@example.com,inactive
wendy.king@example.com,inactive
mia.campbell@example.com,active
frank.carter@example.com,active
eve.thomas@example.com,inactive
karen.hill@example.com,inactive
mia.adams@example.com,inactive
jithesh.robinson@example.com,active
will.garcia@example.com,inactive
aneesh.rogers@example.com,inactive
hazel.jackson@example.com,active
sophie.nguyen@example.com,inactive
uma.green@example.com,inactive
charlie.evans@example.com,active
nathan.edwards@example.com,inactive
opal.garcia@example.com,active
eve.torres@example.com,inactive
peter.phillips@example.com,inactive
kylie.clark@example.com,active
karen.jackson@example.com,inactive
jithesh.jackson@example.com,inactive
jason.wright@example.com,active
alice.martin@example.com,active
mia.martin@example.com,active
steve.carter@example.com,active
elijah.young@example.com,inactive
wendy.carter@example.com,inactive
jithesh.green@example.com,inactive
yara.morris@example.com,inactive
megan.mitchell@example.com,inactive
jack.king@example.com,active
leo.morgan@example.com,inactive
henry.turner@example.com,inactive
ursula.robinson@example.com,inactive
henry.jackson@example.com,inactive
caleb.jackson@example.com,active
quinn.perez@example.com,active
isabel.clark@example.com,inactive
sophie.martin@example.com,inactive
rachel.garcia@example.com,active
zack.mitchell@example.com,inactive
peter.garcia@example.com,active
charlie.edwards@example.com,active
tina.king@example.com,inactive
nathan.martin@example.com,active
hazel.smith@example.com,inactive
ryder.lee@example.com,active
trent.campbell@example.com,inactive
diana.baker@example.com,active
ursula.evans@example.com,active
charlie.carter@example.com,active
liam.sanchez@example.com,active
mia.baker@example.com,active
mia.green@example.com,active
ryder.parker@example.com,active
violet.garcia@example.com,active
eve.anderson@example.com,inactive
ursula.wright@example.com,inactive
diana.thomas@example.com,active
tina.reed@example.com,inactive
liam.rodriguez@example.com,active
frank.young@example.com,active
rachel.martinez@example.com,active
olivia.jackson@example.com,active
sophie.walker@example.com,inactive
caleb.reed@example.com,inactive
isabel.hall@example.com,inactive
hazel.rogers@example.com,active
violet.roberts@example.com,inactive
hazel.robinson@example.com,active
paul.nguyen@example.com,active
yara.edwards@example.com,active
opal.baker@example.com,inactive
caleb.young@example.com,active
liam.stewart@example.com,inactive
tina.garcia@example.com,active
violet.baker@example.com,active
charlie.harris@example.com,inactive
nathan.baker@example.com,inactive
zack.parker@example.com,inactive
ryder.campbell@example.com,active
grace.walker@example.com,inactive
ryder.king@example.com,active
trent.torres@example.com,active
olivia.martinez@example.com,active
liam.johnson@example.com,active
jason.harris@example.com,active
diana.roberts@example.com,inactive
abin.mitchell@example.com,active
opal.robinson@example.com,inactive
zack.jackson@example.com,inactive
jithesh.thompson@example.com,inactive
aneesh.wright@example.com,active
queen.cook@example.com,active
olivia.collins@example.com,inactive
xander.mitchell@example.com,inactive
abin.adams@example.com,active
eve.hill@example.com,inactive
aneesh.evans@example.com,inactive
liam.baker@example.com,active
yara.smith@example.com,active
elijah.turner@example.com,inactive
zack.scott@example.com,inactive
yara.king@example.com,active
quinn.baker@example.com,active
uma.rogers@example.com,inactive
charlie.johnson@example.com,inactive
alice.anderson@example.com,inactive
sophie.mitchell@example.com,active
grace.allen@example.com,inactive
opal.adams@example.com,inactive
sophie.taylor@example.com,inactive
henry.roberts@example.com,active
jack.evans@example.com,active
megan.stewart@example.com,inactive
alice.morris@example.com,active
trent.mitchell@example.com,inactive
violet.martin@example.com,active
delia.walker@example.com,active
zack.smith@example.com,inactive
liam.roberts@example.com,inactive
abin.roberts@example.com,active
opal.cook@example.com,inactive
frank.morris@example.com,inactive
jack.parker@example.com,inactive
paul.rodriguez@example.com,inactive
karen.phillips@example.com,active
caleb.evans@example.com,inactive
henry.walker@example.com,inactive
yara.perez@example.com,inactive
ursula.edwards@example.com,inactive
frank.walker@example.com,inactive
tina.young@example.com,inactive
caleb.turner@example.com,active
violet.anderson@example.com,active
gavin.hall@example.com,active
jack.stewart@example.com,active
isabel.lewis@example.com,inactive
victor.jackson@example.com,active
isabel.anderson@example.com,inactive
will.parker@example.com,active
ursula.torres@example.com,active
opal.carter@example.com,inactive
jason.lee@example.com,inactive
karen.king@example.com,active
wendy.parker@example.com,active
uma.young@example.com,active
prvairaj.roberts@example.com,active
tina.lee@example.com,active
zack.turner@example.com,inactive
olivia.torres@example.com,inactive
alice.perez@example.com,inactive
karen.evans@example.com,inactive
nathan.smith@example.com,inactive
queen.rodriguez@example.com,inactive
sophie.smith@example.com,inactive
ursula.cook@example.com,inactive
fiona.stewart@example.com,active
grace.king@example.com,active
xander.cook@example.com,active
paul.smith@example.com,inactive
zack.stewart@example.com,active
zoe.perez@example.com,inactive
peter.green@example.com,active
aneesh.sanchez@example.com,active
noah.brown@example.com,inactive
victor.johnson@example.com,inactive
jack.hill@example.com,active
zoe.sanchez@example.com,active
fiona.edwards@example.com,inactive
opal.edwards@example.com,inactive
delia.nelson@example.com,active
elijah.hall@example.com,inactive
paul.baker@example.com,active
kylie.mitchell@example.com,inactive
aneesh.johnson@example.com,inactive
aaron.collins@example.com,active
xander.roberts@example.com,inactive
caleb.anderson@example.com,inactive
henry.hill@example.com,inactive
zoe.cook@example.com,active
uma.stewart@example.com,active
abin.reed@example.com,active
ryder.mitchell@example.com,inactive
nathan.nelson@example.com,inactive
grace.johnson@example.com,inactive
kylie.nguyen@example.com,active
grace.clark@example.com,inactive
aaron.evans@example.com,active
prvairaj.brown@example.com,inactive
elijah.wright@example.com,inactive
ryder.taylor@example.com,active
karen.baker@example.com,inactive
aneesh.stewart@example.com,inactive
fiona.campbell@example.com,active
peter.johnson@example.com,active
jason.parker@example.com,inactive
victor.garcia@example.com,inactive
elijah.garcia@example.com,active
will.nelson@example.com,active
jack.turner@example.com,active
mia.phillips@example.com,inactive
iris.nelson@example.com,active
nathan.sanchez@example.com,active
abin.nelson@example.com,active
paul.white@example.com,active
trent.robinson@example.com,active
queen.thomas@example.com,active
megan.campbell@example.com,inactive
jack.morgan@example.com,inactive
rachel.turner@example.com,active
iris.robinson@example.com,inactive
xander.walker@example.com,active
gavin.phillips@example.com,active
zack.adams@example.com,active
gavin.king@example.com,inactive
rachel.thompson@example.com,active
leo.martinez@example.com,inactive
jithesh.martinez@example.com,active
aneesh.cook@example.com,active
gavin.baker@example.com,inactive
charlie.walker@example.com,active
jack.baker@example.com,inactive
ryder.torres@example.com,inactive
opal.green@example.com,inactive
alice.cook@example.com,active
wendy.lewis@example.com,inactive
grace.adams@example.com,active
bianca.smith@example.com,inactive
trent.green@example.com,active
victor.young@example.com,inactive
aaron.turner@example.com,inactive
trent.reed@example.com,inactive
gavin.lee@example.com,active
steve.cook@example.com,active
bob.thompson@example.com,inactive
aneesh.martin@example.com,inactive
gavin.cook@example.com,inactive
quinn.martin@example.com,inactive
zoe.stewart@example.com,inactive
gavin.thomas@example.com,active
noah.rogers@example.com,active
paul.garcia@example.com,active
gavin.evans@example.com,active
uma.robinson@example.com,active
alice.carter@example.com,inactive
tina.nelson@example.com,inactive
fiona.morgan@example.com,active
xander.hall@example.com,active
iris.parker@example.com,active
delia.turner@example.com,inactive
queen.lee@example.com,inactive
iris.thomas@example.com,active
noah.campbell@example.com,active
uma.torres@example.com,active
violet.rodriguez@example.com,inactive
delia.johnson@example.com,inactive
kylie.king@example.com,active
rachel.harris@example.com,inactive
zoe.thompson@example.com,inactive
xander.sanchez@example.com,inactive
jason.nelson@example.com,active
eve.parker@example.com,active
diana.taylor@example.com,active
paul.brown@example.com,active
will.hill@example.com,inactive
grace.baker@example.com,inactive
bianca.morgan@example.com,active
uma.parker@example.com,active
isabel.wright@example.com,inactive
gavin.brown@example.com,inactive
queen.nelson@example.com,inactive
mia.rodriguez@example.com,active
jack.young@example.com,inactive
steve.johnson@example.com,active
fiona.rogers@example.com,active
leo.phillips@example.com,inactive
isabel.rodriguez@example.com,inactive
leo.evans@example.com,inactive
karen.adams@example.com,active
elijah.lee@example.com,active
victor.hall@example.com,inactive
aneesh.collins@example.com,inactive
bianca.collins@example.com,inactive
bianca.johnson@example.com,active
opal.turner@example.com,inactive
liam.jackson@example.com,inactive
zack.lewis@example.com,active
olivia.anderson@example.com,active
leo.thompson@example.com,active
violet.morris@example.com,inactive
uma.perez@example.com,inactive
yara.brown@example.com,inactive
fiona.perez@example.com,active
zack.collins@example.com,inactive
kylie.stewart@example.com,inactive
olivia.morris@example.com,inactive
megan.baker@example.com,active
diana.sanchez@example.com,inactive
noah.hill@example.com,inactive
megan.perez@example.com,active
rachel.cook@example.com,active
paul.mitchell@example.com,inactive
aaron.nguyen@example.com,active
leo.parker@example.com,active
sophie.cook@example.com,inactive
ryder.thompson@example.com,inactive
opal.nguyen@example.com,inactive
will.roberts@example.com,active
wendy.roberts@example.com,active
eve.young@example.com,active
fiona.carter@example.com,inactive
victor.allen@example.com,active
ursula.hill@example.com,inactive
bianca.green@example.com,inactive
bob.wright@example.com,inactive
olivia.brown@example.com,active
abin.king@example.com,active
steve.torres@example.com,inactive
liam.hill@example.com,active
nathan.white@example.com,active
bob.taylor@example.com,inactive
aaron.king@example.com,active
wendy.green@example.com,active
rachel.reed@example.com,active
liam.young@example.com,inactive
zoe.thomas@example.com,inactive
nathan.hall@example.com,active
frank.mitchell@example.com,inactive
zoe.allen@example.com,active
abin.morris@example.com,inactive
kylie.young@example.com,active
grace.sanchez@example.com,inactive
megan.turner@example.com,inactive
violet.hill@example.com,inactive
opal.lee@example.com,inactive
aaron.phillips@example.com,active
frank.thompson@example.com,active
paul.martinez@example.com,active
charlie.hall@example.com,inactive
gavin.mitchell@example.com,inactive
hazel.wright@example.com,active
olivia.scott@example.com,inactive
yara.allen@example.com,active
fiona.brown@example.com,active
jack.mitchell@example.com,active
steve.harris@example.com,active
steve.white@example.com,inactive
zoe.nguyen@example.com,active
jack.robinson@example.com,inactive
bianca.allen@example.com,inactive
diana.jackson@example.com,active
paul.reed@example.com,inactive
isabel.allen@example.com,active
aneesh.thompson@example.com,active
prvairaj.walker@example.com,inactive
tina.morris@example.com,inactive
nathan.lee@example.com,inactive
peter.harris@example.com,inactive
bob.lewis@example.com,active
bob.evans@example.com,inactive
isabel.mitchell@example.com,inactive
alice.king@example.com,active
fiona.taylor@example.com,inactive
diana.cook@example.com,inactive
quinn.martinez@example.com,active
gavin.white@example.com,active
frank.perez@example.com,active
peter.thomas@example.com,inactive
caleb.hall@example.com,active
caleb.lewis@example.com,inactive
jack.rogers@example.com,inactive
kylie.smith@example.com,active
charlie.brown@example.com,active
jack.collins@example.com,active
leo.green@example.com,inactive
bob.young@example.com,inactive
paul.robinson@example.com,inactive
zoe.lee@example.com,active
noah.morris@example.com,active
henry.johnson@example.com,active
rachel.stewart@example.com,active
iris.clark@example.com,inactive
bob.carter@example.com,active
frank.cook@example.com,active
eve.turner@example.com,inactive
diana.robinson@example.com,inactive
gavin.smith@example.com,inactive
jack.nguyen@example.com,active
peter.perez@example.com,inactive
frank.adams@example.com,inactive
xander.nguyen@example.com,active
gavin.collins@example.com,active
delia.morgan@example.com,active
opal.rogers@example.com,inactive
sophie.robinson@example.com,inactive
fiona.young@example.com,active
sophie.roberts@example.com,inactive
henry.wright@example.com,active
abin.scott@example.com,active
liam.lewis@example.com,active
abin.edwards@example.com,active
diana.torres@example.com,active
kylie.rodriguez@example.com,active
sophie.turner@example.com,inactive
noah.harris@example.com,inactive
peter.mitchell@example.com,inactive
megan.rogers@example.com,inactive
rachel.taylor@example.com,active
hazel.perez@example.com,active
zack.wright@example.com,inactive
ursula.allen@example.com,active
abin.thompson@example.com,inactive
zack.brown@example.com,active
bianca.reed@example.com,active
violet.lewis@example.com,inactive
charlie.nguyen@example.com,active
zack.walker@example.com,inactive
frank.roberts@example.com,active
mia.robinson@example.com,inactive
kylie.green@example.com,active
ryder.reed@example.com,active
charlie.cook@example.com,active
opal.stewart@example.com,active
zack.rodriguez@example.com,inactive
peter.adams@example.com,active
leo.wright@example.com,active
wendy.martin@example.com,active
uma.collins@example.com,inactive
bob.walker@example.com,inactive
leo.cook@example.com,active
jithesh.young@example.com,active
grace.wright@example.com,inactive
rachel.hall@example.com,inactive
violet.harris@example.com,active
isabel.jackson@example.com,inactive
jithesh.hall@example.com,active
yara.martin@example.com,active
yara.white@example.com,inactive
hazel.collins@example.com,active
paul.clark@example.com,active
megan.taylor@example.com,active
frank.smith@example.com,inactive
alice.rogers@example.com,active
mia.allen@example.com,active
trent.morris@example.com,inactive
delia.morris@example.com,active
peter.rodriguez@example.com,inactive
caleb.scott@example.com,inactive
will.thompson@example.com,active
steve.sanchez@example.com,active
uma.lee@example.com,inactive
mia.reed@example.com,inactive
hazel.mitchell@example.com,inactive
sophie.garcia@example.com,inactive
rachel.carter@example.com,active
rachel.sanchez@example.com,inactive
eve.garcia@example.com,active
karen.edwards@example.com,inactive
steve.rogers@example.com,active
liam.edwards@example.com,inactive
peter.sanchez@example.com,inactive
noah.scott@example.com,inactive
rachel.jackson@example.com,inactive
fiona.hill@example.com,inactive
jack.anderson@example.com,active
yara.evans@example.com,active
frank.turner@example.com,active
quinn.mitchell@example.com,active
bob.adams@example.com,active
will.nguyen@example.com,active
mia.clark@example.com,active
zoe.edwards@example.com,inactive
fiona.lee@example.com,inactive
eve.campbell@example.com,active
jithesh.phillips@example.com,inactive
quinn.robinson@example.com,active
peter.rogers@example.com,inactive
karen.young@example.com,inactive
zack.martin@example.com,active
jason.thompson@example.com,inactive
diana.reed@example.com,active
jack.torres@example.com,active
bob.reed@example.com,active
tina.evans@example.com,inactive
leo.sanchez@example.com,active
peter.baker@example.com,active
karen.rogers@example.com,active
aneesh.lewis@example.com,inactive
olivia.robinson@example.com,active
uma.roberts@example.com,inactive
tina.morgan@example.com,active
jason.phillips@example.com,inactive
fiona.smith@example.com,inactive
aaron.rogers@example.com,inactive
kylie.baker@example.com,inactive
nathan.morris@example.com,active
peter.young@example.com,active
fiona.martin@example.com,inactive
wendy.turner@example.com,inactive
quinn.carter@example.com,active
charlie.anderson@example.com,active
liam.garcia@example.com,inactive
quinn.cook@example.com,inactive
bob.lee@example.com,active
steve.edwards@example.com,inactive
bianca.white@example.com,active
mia.lee@example.com,active
diana.perez@example.com,inactive
nathan.johnson@example.com,inactive
yara.rogers@example.com,active
liam.allen@example.com,active
abin.white@example.com,inactive
uma.morgan@example.com,inactive
peter.white@example.com,inactive
ursula.stewart@example.com,inactive
aaron.brown@example.com,inactive
elijah.hill@example.com,active
sophie.thomas@example.com,inactive
eve.jackson@example.com,inactive
yara.nguyen@example.com,inactive
noah.edwards@example.com,inactive
frank.sanchez@example.com,inactive
queen.martinez@example.com,inactive
uma.evans@example.com,active
mia.mitchell@example.com,inactive
aaron.young@example.com,inactive
charlie.green@example.com,active
megan.king@example.com,inactive
nathan.thompson@example.com,inactive
noah.lewis@example.com,active
olivia.johnson@example.com,active
jack.thomas@example.com,active
bob.torres@example.com,inactive
peter.stewart@example.com,active
victor.collins@example.com,inactive
olivia.roberts@example.com,inactive
bianca.robinson@example.com,active
delia.phillips@example.com,active
prvairaj.morris@example.com,active
opal.mitchell@example.com,active
olivia.nguyen@example.com,inactive
delia.scott@example.com,active
tina.mitchell@example.com,active
hazel.turner@example.com,active
queen.king@example.com,active
jason.campbell@example.com,active
wendy.white@example.com,active
ursula.thomas@example.com,active
peter.edwards@example.com,inactive
jack.adams@example.com,active
xander.harris@example.com,inactive
frank.brown@example.com,inactive
megan.thomas@example.com,active
bob.morris@example.com,inactive
victor.rodriguez@example.com,active
delia.allen@example.com,inactive
quinn.rodriguez@example.com,active
caleb.morris@example.com,inactive
isabel.young@example.com,active
hazel.baker@example.com,active
jithesh.carter@example.com,inactive
elijah.harris@example.com,inactive
xander.lewis@example.com,active
charlie.phillips@example.com,active
olivia.taylor@example.com,active
uma.taylor@example.com,inactive
sophie.adams@example.com,inactive
eve.carter@example.com,active
elijah.martinez@example.com,active
jason.carter@example.com,inactive
queen.evans@example.com,inactive
delia.robinson@example.com,inactive
leo.reed@example.com,active
will.baker@example.com,active
henry.anderson@example.com,inactive
jithesh.reed@example.com,active
aaron.campbell@example.com,active
alice.taylor@example.com,active
hazel.edwards@example.com,active
wendy.morgan@example.com,active
opal.lewis@example.com,active
iris.morris@example.com,inactive
jack.jackson@example.com,active
ryder.cook@example.com,active
elijah.adams@example.com,active
karen.perez@example.com,inactive
jithesh.rogers@example.com,inactive
xander.morris@example.com,inactive
queen.wright@example.com,active
zoe.rogers@example.com,active
jason.robinson@example.com,active
xander.smith@example.com,inactive
opal.smith@example.com,active
ursula.smith@example.com,inactive
charlie.collins@example.com,inactive
aneesh.smith@example.com,inactive
caleb.harris@example.com,inactive
uma.clark@example.com,active
henry.morris@example.com,active
violet.rogers@example.com,inactive
zoe.mitchell@example.com,active
tina.wright@example.com,active
rachel.hill@example.com,inactive
frank.edwards@example.com,inactive
henry.torres@example.com,inactive
delia.parker@example.com,inactive
megan.sanchez@example.com,active
tina.nguyen@example.com,inactive
liam.turner@example.com,inactive
olivia.white@example.com,active
nathan.collins@example.com,inactive
trent.young@example.com,active
alice.nelson@example.com,active
karen.walker@example.com,active
bianca.young@example.com,active
diana.scott@example.com,active
zack.king@example.com,active
bianca.sanchez@example.com,active
eve.nelson@example.com,active
steve.brown@example.com,active
isabel.white@example.com,inactive
zack.roberts@example.com,inactive
hazel.martin@example.com,inactive
violet.clark@example.com,inactive
charlie.morris@example.com,active
bianca.scott@example.com,active
delia.brown@example.com,active
noah.martin@example.com,active
yara.clark@example.com,active
ryder.roberts@example.com,active
alice.sanchez@example.com,inactive
yara.morgan@example.com,active
opal.nelson@example.com,inactive
bob.martinez@example.com,active
sophie.morgan@example.com,inactive
uma.hall@example.com,inactive
eve.evans@example.com,inactive
violet.nguyen@example.com,active
xander.baker@example.com,inactive
will.adams@example.com,active
jack.sanchez@example.com,inactive
violet.phillips@example.com,inactive
megan.nelson@example.com,active
iris.smith@example.com,active
grace.green@example.com,active
olivia.cook@example.com,inactive
iris.allen@example.com,active
uma.white@example.com,active
zoe.martin@example.com,active
iris.morgan@example.com,active
bianca.hill@example.com,inactive
olivia.stewart@example.com,inactive
sophie.sanchez@example.com,active
zoe.baker@example.com,inactive
prvairaj.young@example.com,inactive
hazel.morris@example.com,inactive
steve.nelson@example.com,active
aaron.green@example.com,active
queen.clark@example.com,inactive
delia.lewis@example.com,inactive
noah.martinez@example.com,inactive
zoe.hill@example.com,active
sophie.hill@example.com,active
quinn.white@example.com,active
jithesh.campbell@example.com,inactive
victor.hill@example.com,inactive
zoe.scott@example.com,active
queen.edwards@example.com,inactive
jason.torres@example.com,inactive
violet.wright@example.com,inactive
violet.young@example.com,inactive
frank.lewis@example.com,active
abin.martinez@example.com,inactive
diana.edwards@example.com,active
zoe.hall@example.com,active
hazel.white@example.com,inactive
mia.stewart@example.com,active
nathan.clark@example.com,active
aaron.cook@example.com,active
jack.cook@example.com,active
hazel.johnson@example.com,active
rachel.perez@example.com,active
grace.rodriguez@example.com,active
quinn.scott@example.com,inactive
uma.sanchez@example.com,inactive
abin.parker@example.com,active
prvairaj.collins@example.com,inactive
frank.white@example.com,inactive
queen.hill@example.com,inactive
fiona.morris@example.com,inactive
alice.roberts@example.com,inactive
caleb.smith@example.com,active
bob.smith@example.com,inactive
isabel.smith@example.com,active
eve.thompson@example.com,active
elijah.lewis@example.com,inactive
karen.martinez@example.com,inactive
quinn.nelson@example.com,active
sophie.torres@example.com,active
prvairaj.morgan@example.com,inactive
paul.morgan@example.com,inactive
kylie.lee@example.com,active
ryder.morris@example.com,active
megan.reed@example.com,active
sophie.phillips@example.com,inactive
karen.lee@example.com,active
mia.collins@example.com,inactive
paul.king@example.com,inactive
jack.reed@example.com,inactive
xander.anderson@example.com,active
aneesh.hall@example.com,inactive
eve.rogers@example.com,inactive
zoe.parker@example.com,active
opal.taylor@example.com,active
charlie.reed@example.com,active
abin.baker@example.com,inactive
isabel.phillips@example.com,inactive
rachel.torres@example.com,inactive
leo.lee@example.com,inactive
aaron.nelson@example.com,active
jithesh.king@example.com,inactive
elijah.sanchez@example.com,active
opal.phillips@example.com,active
aaron.baker@example.com,inactive
isabel.rogers@example.com,active
quinn.edwards@example.com,inactive
caleb.morgan@example.com,inactive
will.carter@example.com,active
ryder.thomas@example.com,active
trent.walker@example.com,active
delia.roberts@example.com,inactive
quinn.turner@example.com,active
nathan.young@example.com,active
paul.anderson@example.com,active
mia.thomas@example.com,active
frank.rogers@example.com,active
jack.white@example.com,active
eve.allen@example.com,active
alice.walker@example.com,inactive
jithesh.morgan@example.com,active
uma.rodriguez@example.com,inactive
iris.roberts@example.com,inactive
iris.torres@example.com,active
iris.sanchez@example.com,inactive
liam.brown@example.com,inactive
rachel.rogers@example.com,inactive
prvairaj.nguyen@example.com,active
megan.martin@example.com,inactive
bob.martin@example.com,inactive
rachel.campbell@example.com,active
noah.walker@example.com,inactive
charlie.allen@example.com,inactive
elijah.allen@example.com,active
prvairaj.harris@example.com,active
charlie.thompson@example.com,inactive
aaron.white@example.com,inactive
violet.campbell@example.com,active
grace.nguyen@example.com,inactive
grace.reed@example.com,inactive
jason.clark@example.com,inactive
megan.robinson@example.com,inactive
isabel.garcia@example.com,inactive
henry.rodriguez@example.com,active
zoe.lewis@example.com,active
hazel.green@example.com,inactive
delia.perez@example.com,inactive
abin.anderson@example.com,inactive
will.green@example.com,active
uma.martinez@example.com,active
queen.hall@example.com,active
sophie.hall@example.com,inactive
zack.garcia@example.com,inactive
queen.taylor@example.com,inactive
prvairaj.allen@example.com,active
mia.anderson@example.com,inactive
liam.anderson@example.com,active
rachel.morris@example.com,active
ursula.brown@example.com,active
diana.lee@example.com,inactive
aneesh.green@example.com,active
steve.perez@example.com,inactive
wendy.nguyen@example.com,inactive
noah.turner@example.com,active
jack.thompson@example.com,inactive
gavin.harris@example.com,active
liam.nelson@example.com,inactive
alice.rodriguez@example.com,inactive
henry.clark@example.com,inactive
queen.scott@example.com,inactive
uma.adams@example.com,active
charlie.mitchell@example.com,active
abin.stewart@example.com,inactive
grace.evans@example.com,inactive
trent.hall@example.com,active
sophie.lewis@example.com,active
zack.sanchez@example.com,inactive
eve.white@example.com,active
jack.brown@example.com,active
wendy.thomas@example.com,inactive
jithesh.thomas@example.com,active
steve.wright@example.com,inactive
iris.evans@example.com,inactive
uma.turner@example.com,inactive
prvairaj.lewis@example.com,inactive
aneesh.lee@example.com,active
nathan.morgan@example.com,active
delia.reed@example.com,active
jason.martin@example.com,inactive
xander.nelson@example.com,inactive
violet.smith@example.com,inactive
gavin.thompson@example.com,inactive
tina.lewis@example.com,inactive
aaron.scott@example.com,inactive
olivia.turner@example.com,inactive
aneesh.king@example.com,active
kylie.allen@example.com,active
diana.lewis@example.com,active
fiona.clark@example.com,inactive
yara.harris@example.com,active
steve.jackson@example.com,active
charlie.baker@example.com,active
isabel.stewart@example.com,inactive
zoe.phillips@example.com,inactive
eve.edwards@example.com,active
alice.baker@example.com,inactive
eve.clark@example.com,active
elijah.baker@example.com,active
