PRODUCT ID,CNK BELUX,EAN MASTER,PRODUCT GENERAL NAME
3616,2678001,3282779285230,ADERMA AVOINE PAIN DERMATO 100G
53405,4347332,3282770149715,ADERMA EXOMEGA CONTROL BAUME EMOLLIENT TUBE 200ML
53404,4347423,3282770149678,ADERMA EXOMEGA CONTROL CREME EMOLLIENT TUBE 200ML
1189,1704089,7640107850103,AUDISPRAY SPRAY 50ML
22621,4428884,3282770154238,AVENE APRES-SOLEIL 400ML
31624,3606019,3282770114669,AVENE BRUME HAUTE PROTECTION SPF 30
54264,4399127,3282770153200,AVENE HYALU ACTIV B3 CR RÉGÉNÉRANTE ANTI-RIDES NUIT 40ML
42673,3814787,3282770208771,AVENE HYDRANCE BB LEGERE
50558,4181624,3282770142273,AVENE TOLERANCE LOTION NETTOYANTE GELIFIEE 400ML
3747,4436135,3282770154580,AVENE XERACALM A.D. CREME RELIPIDANTE 200ML
14039,4436168,3282770154559,AVENE XERACALM BAUME 200ML
12663,2807600,3401397163618,BIODERMA ABC DERM GEL MOUSSANT ENFANT 1L
26601,3276565,3401528520846,BIODERMA ATODERM HUILE DOUCHE 1L
27657,3308426,3401329447687,BIODERMA HYDRABIO CREME 50ML
27658,3308418,3401329447809,BIODERMA HYDRABIO GEL CREME 50ML
1356,2985166,3401351366789,BIODERMA SENSIBIO H20 AR SOL MICELL. DEMAQ. 250ML
12700,1736339,3401575390447,BIODERMA SENSIBIO H2O 250ML
54399,4104246,3401360212237,BIODERMA SENSIBIO H2O EYE 125ML
12701,2378503,3401345935571,BIODERMA SENSIBIO H2O NETT-DEMAQ  PEAU FRAG -GEV H 500 ML
11128,2962819,5414963023832,BIO-OIL HUILE REGENERANTE 125ML
8133,3201829,5414963013512,BIO-OIL HUILE REGENERANTE 200ML
3125,2793750,5414963007979,BIO-OIL HUILE REGENERANTE 60ML
50820,4314886,3522930027812,CAUDALIE DUO MOUSSE NETTOY. FLEUR DE VIGNE 150ML
50815,4292371,3522930003281,CAUDALIE VINOPERFECT MASQUE PEELING GLYCOLIQUE 75ML
33677,3760196,3522930003441,CAUDALIE VINOPURE SERUM INFUSION ANTI-IMPERFECTIONS 30ML
52309,4407482,3522930003618,CAUDALIE VINOTHERAPIST CREME MAINS-ONGLES TUBE 75ML
52312,4407516,3522930003649,CAUDALIE VINOTHERAPIST SOIN CORPS NOURRISSANT 400ML
38613,3632916,3337875598767,CERAVE CREME LAVANTE HYDRATANTE 1L
33396,3632890,3337875597180,CERAVE CREME LAVANTE HYDRATANTE 236ML
38612,3632957,3337875598774,CERAVE NETTOYANT MOUSSANT 1L
56626,4675351,3606000560833,CERAVE SERUM ACIDE HYALU. 30ML
44894,4818019,192333147948,CLINIQUE  LIP POP LIPSTICK 01 SOFT NUDE POP 3.9G
44953,3798964,020714462765,CLINIQUE CLARIFYING LOTION 2 200ML
370010,4755484,0020714795689,CLINIQUE GEL DE TEINT MULTI USAGE EFFET SOLEIL 30ML
50553,4324174,192333066935,CLINIQUE MOISTURE SURGE 100H GEL 50ML
54599,4632881,192333149119,CLINIQUE TTDO CHARCOAL BALM 125ML
9379,1697804,3282779392181,DUCRAY DIASEPTYL SPRAY 125ML
45600,4187225,3282770140453,DUCRAY KELUAL DS SH A/PELLICUL. NF 100ML
38133,3720083,3282770202274,DUCRAY KELUAL EMULS 50ML
51694,4258562,3282770141320,DUCRAY KERACNYL PP+ CRÈME 30ML
52080,4283917,3282770148473,DUCRAY KERTYOL PSO SHAMP. TRAITANT 200ML
30405,3586492,3282770109290,DUCRAY SABAL SH 200ML
14260,1368661,4005800631221,EUCERIN PH5 HUILE DE DOUCHE 400ML
53349,4328613,3282770152951,FURTERER SUBLIME CURL CREME NUTRITIVE 100ML
52449,4313771,3282770150186,"FURTERER TRIPHASIC PROGRESSIVE SERUM ANTICHUTE 8 X 5,5ML"
32628,3457322,3282770108248,FURTERER VOLUMEA SHAMPOOING NF 200ML
53373,4281762,7630019904797,GUM ACTIVITAL SONIC BROSSETTES REFILL 2 PCS BLANCHES
11239,2266872,070942502016,GUM BROSSE POUR PROTHESE
470,2072577,070942302401,GUM FIL DENTAIRE EXPANDING FLOSS 30M 2030
477,2263754,70942302777,GUM GRATTE LANGUE DOUBLE ACTION 760
56627,4492716,7630019905183,GUM PRO SENSITIVE BROSSE A DENTS
56423,4677225,7630019905855,GUM SOFT - PICKS PRO MEDIUM 30
54752,4436580,7630019902762,GUM SOFT PICKS ORIGINAL MEDIUM X100
54751,4436598,7630019902755,GUM SOFT PICKS ORIGINAL MEDIUM X50
1469,1546472,8427426026773,HALITA NETTOIE LANGUE SPATULE 3410
31568,3603909,4005800187834,HANSAPLAST PANSEMENT JUNIOR FROZEN 20
9980,3311271,8427426033450,INTERPROX PREMIUM CONICAL BLAUW/BLEU
9979,3311263,8427426033474,INTERPROX PREMIUM MINI GEEL/JAUNE
9976,3311230,8427426033498,INTERPROX PREMIUM SUPER MICRO ORANJE/ORANGE
44414,3919602,8470003855181,ISDIN LABIAL PROTECTOR HV STICK BAUME LEVRES IP30 4G
44413,3919578,8429420135444,ISDIN LABIAL PROTECTOR STICK BAUME LEVRES IP30 4G
44415,3919594,8429420137974,ISDIN LABIAL PROTECTOR STICK BAUME LEVRES IP50+ 4G
44412,3919560,8470001901200,ISDIN LABIAL REPARADOR STICK BAUME LEVRES 4G
45668,4131728,3664262001891,JOWAE LOTION ASTRINGENTE PURIFIANTE
37734,3727591,3664262000856,JOWAE MOUSSE MICELLAIRE NETTOYANTE 150ML
51710,4245023,3282770147308,KLORANE CAPILLAIRE SH LIN 400ML
54149,4287033,3282770149432,KLORANE SERUM A/CHUTE QUININE & EDELWEISS BIO 100ML
31729,4295903,3282770149289,KLORANE SH CAMOMILLE 400ML
51292,4216305,3282770145373,KLORANE SH LAIT AVOINE 400ML
41997,4550349,3372290000259,LA ZARTIGUE SHAMPOOING VOLUME  250ML
3289,3043841,3595890210372,LACTACYD PHARMA SENSITIVE 250ML
367941,4659223,3701436919900,LIERAC BODY NUTRI  LE BAUME SOS RÉPARATEUR POT 30ML
37735,4517090,3701436912086,LIERAC BODY NUTRI  LE GOMMAGE RESURFAÇANT 200ML
54248,4429114,3701436908317,LIERAC LAIT DEMAQUILLANT 200 ML
367942,4659157,3701436917623,LIERAC PHYTOLASTIL  L'HUILE DE MASSAGE 100ML
363348,4659041,3701436917494,LIERAC SUNISSIME - LE FLUIDE VELOUTÉ SOLAIRE SPF30 - 40ML
363354,4659124,3701436917555,LIERAC SUNISSIME - LE SORBET APRÈS-SOLEIL VISAGE - 50ML
55901,3497997,3337875549493,LRP EFFACLAR DUO+ SPF 30 40ML
374296,4735783,3337875890069,LRP MELA B3 NETTOYANT 200ML
375017,4723169,3337875890021,LRP MELA B3 NIACINAMIDE SERUM 30ML
2644,3045093,3337872414152,LRP PIGMENCLAR YEUX 15ML
2654,3016425,3337872414039,LRP REDERMIC R YEUX 15ML
38068,3742731,3337875660549,LRP REDERMIC RETINOL 30ML
2655,2021491,3433422401907,LRP RESPECTISSIME DEMAQ YEUX WTP 125ML
56337,3946118,3337875694469,LRP SERUM RETINOL B3 30ML
51680,4280657,3337875757669,LRP TOLERIANE DERMALLERGO FLUID 40ML
2707,2035814,3337872411830,LRP TOLERIANE FLUIDE DERMONETTOYANT 400ML
37884,3630225,3337875588348,LRP TOLERIANE SENSITIVE RICHE 40ML
38323,3774809,3574661320700,NEUTROGENA HYDROBOOST GELEE NETTOYANTE AQUA 200ML
52360,4474995,3264680028014,NUXE CR FRAICHE 3 EN 1 100ML
1617,2880326,3264680004964,NUXE GEL DOUCHE MULTI USAGE TUBE 200ML
1622,2880334,3264680004957,NUXE GEL HYDRATANT MULTI FONCTIONS FL POMPE 50ML
4124,2796381,3435171101169,QUIES PROTECTION AUDIT.CIRE NAT.8PAIRE REMPL104422
56592,4634473,3701436916619,ROGER&GALLET AMANDE PERSANE EAU PARFUMÉE BIENFAISANTE 100ML
19071,3262367,3401381382353,SVR XERIAL 50 EXTRÊME CREME PIEDS
19184,3343118,3700281702897,TOPICREM ULTRA-HYDRATANT HALE PROGRESSIF - 200ML
10408,3322435,3700281702576,TOPICREM ULTRA-HYDRATANT LAIT CORPS - 1000ML
31072,3583846,3337875585750,VICHY HOMME DEO 48H ANT-TRANSPIRANT 50ML
2902,2036259,3337871320362,VICHY HOMME DEO A/TRANSP. 72H BILLE 50ML
